Categoty,Food
Bread & Bakery Products,Bread
Bread & Bakery Products,Tortillas 
Bread & Bakery Products,Buns
Bread & Bakery Products,Bagels
Bread & Bakery Products,Muffins
Bread & Bakery Products,cake
Bread & Bakery Products,Croissants
Bread & Bakery Products,Donuts
Bread & Bakery Products,Scones
Bread & Bakery Products,English Muffins
Bread & Bakery Products,Pancakes
Bread & Bakery Products,Waffles
Bread & Bakery Products,Brioche
Bread & Bakery Products,Pretzels
Bread & Bakery Products,Rolls
Dairy & Eggs,Butter
Dairy & Eggs,Parmesan
Dairy & Eggs,Margarine
Dairy & Eggs,Milk
Dairy & Eggs,Cream
Dairy & Eggs,Eggs
Dairy & Eggs,Cheese
Dairy & Eggs,Yogurt
Dairy & Eggs,Buttermilk
Drinks,Cola
Drinks,Ginger Ale
Drinks,Juice
Drinks,Cocktail
Drinks,Almond Beverage
Drinks,Water
Drinks,Coffee
Drinks,Cider
Drinks,Tea
Drinks,Water
Drinks,Beer
Drinks,Wine
Drinks,Champagne
Drinks,Vodka
Drinks,Rum
Drinks,Whiskey
Fruits,Bananas
Fruits,Plantains
Fruits,Avocado
Fruits,Papaya
Fruits,Pineapple
Fruits,Grapes
Fruits,Blueberries
Fruits,Raspberries
Fruits,Blackberries
Fruits,Pears
Fruits,Apple
Fruits,Kiwi
Fruits,lemon
Fruits,lime
Fruits,Lime
Fruits,Orange
Fruits,Mango
Fruits,Strawberry
Fruits,Cherry
Fruits,Plum
Fruits,Apricot
Fruits,Fig
Fruits,Cranberry
Fruits,Pomegranate
Fruits,Coconut
Fruits,Peach
Fruits,Nectarine
Fruits,Watermelon
Fruits,Cantaloupe
Fruits,Honeydew
Fruits,Passion Fruit
Fruits,Mulberry
Fruits,Guava
Fruits,Starfruit
Meat,Bacon
Meat,Beef
Meat,Chicken
Meat,Ground Beef
Meat,Ground Lamb
Meat,Ham
Meat,Lamb
Meat,Meatballs
Meat,Pork
Meat,Poultry
Meat,Rib
Meat,Sausages
Meat,Steaks
Meat,Wieners
Meat,Turkey
Meat,Duck
Other,rice
Other,cilantro
Other,bay leaf
Other,chile
Other,cinnamon
Other,chocolate
Other,mint
Other,orange
Other,peach
Other,onion
Other,Rum
Other,grapefruit
Other,ice
Other,rosemary
Other,dough
Other,zucchini
Other,scallion
Other,Spinach
Other,Kale
Other,Broccoli
Other,Sweet Potatoes
Other,Quinoa
Other,Lentils
Other,Chickpeas
Other,Avocado
Other,Blueberries
Other,Almonds
Other,Walnuts
Other,Salmon
Other,Olive Oil
Other,Greek Yogurt
Other,Brown Rice
Other,Flaxseeds
Other,Chia Seeds
Other,Garlic
Other,Turmeric
Other,Ginger
Other,Quinoa
Other,Oat
Other,Coriander
Other,Mustard
Pantry,Peanut Butter
Pantry,Hazelnut Spread
Pantry,Cereal
Pantry,Pasta
Pantry,Tomato Paste
Pantry,Diced Tomatoes
Pantry,Tomato Sauce
Pantry,Crushed Tomatoes
Pantry,Strained Tomatoes Sauce
Pantry,Tomato Ketchup
Pantry,Chickpeas
Pantry,Black Beans
Pantry,Kidney Beans
Pantry,Assorted Peas
Pantry,Small Peas
Pantry,Beans in Tomato Sauce
Pantry,Pea Soup
Pantry,Vegetable Pea Soup
Pantry,Chicken Noodle Soup
Pantry,Cream of Mushroom Soup
Pantry,Ready-to-Use Chicken Broth
Pantry,Granulated Sugar
Pantry,Yellow Sugar
Pantry,Brown Sugar
Pantry,Icing Sugar
Pantry,All Purpose Flour
Pantry,All Purpose White Flour
Pantry,Baking Soda
Pantry,Salsa
Pantry,Molasses
Pantry,Plum Dipping Sauce
Pantry,Chili Sauce
Pantry,Dijon Mustard
Pantry,Prepared Mustard
Pantry,Basil Marinara Pasta Sauce
Pantry,Cranberry Sauce
Pantry,Olive Oil
Pantry,Canola Oil
Pantry,Cream Style Corn
Pantry,Whole Kernel Corn
Pantry,Minced Garlic
Pantry,Vinegar
Pantry,Cider Vinegar
Pantry,Mayonnaise
Pantry,Cheese Spread
Pantry,Evaporated Milk
Pantry,Pistachios
Pantry,Dates
Pantry,Strawberry Jam
Seafood,Shrimp
Seafood,Scallops
Seafood,Sole
Seafood,Basa 
Seafood,Rainbow Trout 
Seafood,Tilapia
Seafood,Haddock
Seafood,Cod
Seafood,Salmon
Seafood,Pollock
Seafood,Calamari
Seafood,Fish
Seafood,Cocktail Sauce
Seafood,Lobster
Seafood,Crab
Seafood,Clams
Seafood,Mussels
Seafood,Oysters
Seafood,Octopus
Seafood,Sea Bass
Seafood,Tuna
seasonings,Salt
seasonings,oil
seasonings,Black Pepper
seasonings,Garlic Powder
seasonings,Onion Powder
seasonings,Paprika
seasonings,Cayenne Pepper
seasonings,Chili Powder
seasonings,Cumin
seasonings,Cinnamon
seasonings,Nutmeg
seasonings,Allspice
seasonings,Oregano
seasonings,Basil
seasonings,Thyme
seasonings,Rosemary
seasonings,Dill
seasonings,Parsley
seasonings,Bay Leaves
seasonings,Ground Ginger
seasonings,Maple
seasonings,sugar
seasonings,sauce
seasonings,Honey
seasonings,Hot
seasonings,Barbecue
seasonings,Dressing
Snacks,Chips
Snacks,Crackers
Snacks,Pistachios
Snacks,Cashews
Snacks,Almonds
Snacks,Walnuts
Snacks,Popcorn
Snacks,Nut
Snacks,Cranberry
Snacks,Pumpkin Seeds
Snacks,Sunflower Seeds
Snacks,Raisins
Snacks,Dates
Snacks,Figs
Snacks,Fruit Sauce Pouches
Snacks,Fruit Salad
Snacks,Diced Pears
Snacks,Mandarin Orange Cups
Snacks,Granola Bars
Snacks,Chocolate Bars
Snacks,Cookies
Snacks,Vanilla Cakes
Snacks,Sponge Cakes
Snacks,Muffins
Snacks,Digestive Cookies
Snacks,Cream Cookies
Snacks,Pecans
Snacks,Seed
Vegan & Vegetarian Food,Almond Beverage
Vegan & Vegetarian Food,Vegetable
Vegan & Vegetarian Food,Juice
Vegan & Vegetarian Food,Soft Drink
Vegan & Vegetarian Food,Sparkling Water
Vegan & Vegetarian Food,Tofu
Vegan & Vegetarian Food,Cheese
Vegan & Vegetarian Food,Hummus
Vegan & Vegetarian Food,Plant-Based Ground Round
Vegan & Vegetarian Food,Yogurt
Vegan & Vegetarian Food,Butter
Vegan & Vegetarian Food,Milk
Vegan & Vegetarian Food,Eggs
Vegan & Vegetarian Food,Cereal
Vegan & Vegetarian Food,Fettuccine
Vegan & Vegetarian Food,Macaroni and Cheese
Vegan & Vegetarian Food,Pizza
Vegan & Vegetarian Food,Walnuts
Vegan & Vegetarian Food,Raisins
Vegan & Vegetarian Food,Apple Sauce
Vegan & Vegetarian Food,Fruit and Veggie Snacks
Vegan & Vegetarian Food,Salsa
Vegan & Vegetarian Food,Tomato Sauce
Vegan & Vegetarian Food,Mustard
Vegan & Vegetarian Food,Salad Dressing
Vegan & Vegetarian Food,Beans
Vegan & Vegetarian Food,Soup
Vegan & Vegetarian Food,Spring Rolls
Vegan & Vegetarian Food,Nuts
Vegan & Vegetarian Food,Coconut
Vegan & Vegetarian Food,Corn Starch
Vegan & Vegetarian Food,Baking Soda
Vegetables,Arugula
Vegetables,Asparagus
Vegetables,Basil
Vegetables,Beets
Vegetables,Bell Peppers
Vegetables,Bok Choy
Vegetables,Broccoli
Vegetables,Cabbage
Vegetables,Carrots
Vegetables,Cauliflower
Vegetables,Celery
Vegetables,Chives
Vegetables,Cilantro
Vegetables,Dates
Vegetables,Eggplant
Vegetables,Garlic
Vegetables,Ginger
Vegetables,Green Beans
Vegetables,Jalapeño Peppers
Vegetables,pepper
Vegetables,Kale
Vegetables,Lettuce
Vegetables,Mint
Vegetables,Mushrooms
Vegetables,Onions
Vegetables,Parsley
Vegetables,Potatoes
Vegetables,Radicchio
Vegetables,Radishes
Vegetables,Rosemary
Vegetables,Rutabagas
Vegetables,Sage
Vegetables,Spinach
Vegetables,Squash
Vegetables,Sweet Potatoes
Vegetables,Swiss Chard
Vegetables,Thyme
Vegetables,Zucchini
Vegetables,Leek
Vegetables,Shallot
Vegetables,Peas
Vegetables,Cucumber
Vegetables,Pumpkin
Vegetables,Corn
Vegetables,Brussels Sprouts
Vegetables,Endive
